{"cameraMode":{"drawMode":0,"name":"Shaded","section":"Shading Mode"},"sceneLighting":true,"audioPlay":false,"sceneViewState":{"showFog":true,"showMaterialUpdate":false,"showSkybox":true,"showFlares":true,"showImageEffects":true,"showParticleSystems":true},"in2DMode":false,"pivot":{"x":5.49370002746582,"y":1.4882969856262208,"z":-11.155900001525879},"rotation":{"x":-0.18311741948127747,"y":0.5856608748435974,"z":-0.13793490827083589,"w":-0.7774788737297058},"size":5.492977142333984,"orthographic":false}