{"cameraMode":{"drawMode":0,"name":"Shaded","section":"Shading Mode"},"sceneLighting":true,"audioPlay":false,"sceneViewState":{"showFog":true,"showMaterialUpdate":false,"showSkybox":true,"showFlares":true,"showImageEffects":true,"showParticleSystems":true},"in2DMode":false,"pivot":{"x":-0.8969783782958984,"y":-6.509696960449219,"z":23.527490615844728},"rotation":{"x":-0.3240267038345337,"y":0.5707406997680664,"z":-0.26127731800079348,"w":-0.7078129053115845},"size":21.935054779052736,"orthographic":false}