{"cameraMode":{"drawMode":0,"name":"Shaded","section":"Shading Mode"},"sceneLighting":true,"audioPlay":false,"sceneViewState":{"showFog":true,"showMaterialUpdate":false,"showSkybox":true,"showFlares":true,"showImageEffects":true,"showParticleSystems":true},"in2DMode":false,"pivot":{"x":-15.278512954711914,"y":-6.019353866577148,"z":7.2289276123046879},"rotation":{"x":-0.2151545286178589,"y":0.5280978679656982,"z":-0.1403753161430359,"w":-0.8094038367271423},"size":31.40678596496582,"orthographic":false}