{"cameraMode":{"drawMode":0,"name":"Shaded","section":"Shading Mode"},"sceneLighting":false,"audioPlay":false,"sceneViewState":{"showFog":true,"showMaterialUpdate":false,"showSkybox":false,"showFlares":true,"showImageEffects":true,"showParticleSystems":true},"in2DMode":false,"pivot":{"x":-2.275395154953003,"y":-0.3760841488838196,"z":-0.8230895400047302},"rotation":{"x":-0.16788552701473237,"y":0.6628481149673462,"z":-0.15611469745635987,"w":-0.7128068208694458},"size":3.9073946475982668,"orthographic":false}