{"cameraMode":{"drawMode":0,"name":"Shaded","section":"Shading Mode"},"sceneLighting":true,"audioPlay":false,"sceneViewState":{"showFog":true,"showMaterialUpdate":false,"showSkybox":true,"showFlares":true,"showImageEffects":true,"showParticleSystems":true},"in2DMode":false,"pivot":{"x":-1.6000003814697266,"y":-0.3092435598373413,"z":4.955522537231445},"rotation":{"x":-0.014826673083007336,"y":-0.9833214282989502,"z":0.1549668312072754,"w":-0.09408675134181977},"size":0.8660253882408142,"orthographic":false}