{"cameraMode":{"drawMode":0,"name":"Shaded","section":"Shading Mode"},"sceneLighting":true,"audioPlay":false,"sceneViewState":{"showFog":true,"showMaterialUpdate":false,"showSkybox":true,"showFlares":true,"showImageEffects":true,"showParticleSystems":true},"in2DMode":false,"pivot":{"x":18.13788414001465,"y":5.645305156707764,"z":-6.973083972930908},"rotation":{"x":-0.20254209637641908,"y":0.6445102095603943,"z":-0.18276099860668183,"w":-0.7142806649208069},"size":12.824249267578125,"orthographic":false}