{"cameraMode":{"drawMode":0,"name":"Shaded","section":"Shading Mode"},"sceneLighting":true,"audioPlay":false,"sceneViewState":{"showFog":true,"showMaterialUpdate":false,"showSkybox":true,"showFlares":true,"showImageEffects":true,"showParticleSystems":true},"in2DMode":false,"pivot":{"x":3.898693799972534,"y":-0.8004245758056641,"z":-0.9558143615722656},"rotation":{"x":0.28120532631874087,"y":-0.1048240140080452,"z":0.03091377578675747,"w":0.9534242153167725},"size":7.464788436889648,"orthographic":false}