{"cameraMode":{"drawMode":0,"name":"Shaded","section":"Shading Mode"},"sceneLighting":false,"audioPlay":false,"sceneViewState":{"showFog":true,"showMaterialUpdate":false,"showSkybox":false,"showFlares":true,"showImageEffects":true,"showParticleSystems":true},"in2DMode":false,"pivot":{"x":1.5801897048950196,"y":2.7380454540252687,"z":0.9049384593963623},"rotation":{"x":-0.19070513546466828,"y":0.7280559539794922,"z":-0.2242632955312729,"w":-0.6191046237945557},"size":1.3278944492340088,"orthographic":false}