{"cameraMode":{"drawMode":0,"name":"Shaded","section":"Shading Mode"},"sceneLighting":true,"audioPlay":false,"sceneViewState":{"showFog":true,"showMaterialUpdate":false,"showSkybox":true,"showFlares":true,"showImageEffects":true,"showParticleSystems":true},"in2DMode":false,"pivot":{"x":1.5911693572998047,"y":-5.507116317749023,"z":-2.746670722961426},"rotation":{"x":-0.36407196521759035,"y":0.5772135853767395,"z":-0.31970149278640749,"w":-0.6573238968849182},"size":21.721725463867189,"orthographic":false}