{"cameraMode":{"drawMode":0,"name":"Shaded","section":"Shading Mode"},"sceneLighting":true,"audioPlay":false,"sceneViewState":{"showFog":true,"showMaterialUpdate":false,"showSkybox":true,"showFlares":true,"showImageEffects":true,"showParticleSystems":true},"in2DMode":false,"pivot":{"x":-6.6348466873168949,"y":0.7805347442626953,"z":-2.4470033645629885},"rotation":{"x":0.37571650743484499,"y":0.03751804679632187,"z":-0.015224766917526722,"w":0.9258600473403931},"size":5.896913051605225,"orthographic":false}