{"cameraMode":{"drawMode":0,"name":"Shaded","section":"Shading Mode"},"sceneLighting":false,"audioPlay":false,"sceneViewState":{"showFog":true,"showMaterialUpdate":false,"showSkybox":true,"showFlares":true,"showImageEffects":true,"showParticleSystems":true},"in2DMode":false,"pivot":{"x":-1.910631537437439,"y":2.3523850440979006,"z":2.7424232959747316},"rotation":{"x":0.28850996494293215,"y":0.039465270936489108,"z":-0.011101925745606423,"w":0.956881046295166},"size":4.771437168121338,"orthographic":false}