{"cameraMode":{"drawMode":0,"name":"Shaded","section":"Shading Mode"},"sceneLighting":false,"audioPlay":false,"sceneViewState":{"showFog":true,"showMaterialUpdate":false,"showSkybox":true,"showFlares":true,"showImageEffects":true,"showParticleSystems":true},"in2DMode":false,"pivot":{"x":-1.910631537437439,"y":2.3523850440979006,"z":2.7424232959747316},"rotation":{"x":0.1414739340543747,"y":0.6004983186721802,"z":-0.1078750342130661,"w":0.7799307703971863},"size":5.971437931060791,"orthographic":false}