{"cameraMode":{"drawMode":0,"name":"Shaded","section":"Shading Mode"},"sceneLighting":true,"audioPlay":false,"sceneViewState":{"showFog":true,"showMaterialUpdate":false,"showSkybox":true,"showFlares":true,"showImageEffects":true,"showParticleSystems":true},"in2DMode":false,"pivot":{"x":-4.725418567657471,"y":-0.3341822624206543,"z":-0.2390613853931427},"rotation":{"x":-0.1701466143131256,"y":0.6909485459327698,"z":-0.17261134088039399,"w":-0.6810698509216309},"size":8.182085990905762,"orthographic":false}