{"cameraMode":{"drawMode":0,"name":"Shaded","section":"Shading Mode"},"sceneLighting":true,"audioPlay":false,"sceneViewState":{"showFog":true,"showMaterialUpdate":false,"showSkybox":true,"showFlares":true,"showImageEffects":true,"showParticleSystems":true},"in2DMode":false,"pivot":{"x":-10.316079139709473,"y":25.373449325561525,"z":-5.641819000244141},"rotation":{"x":0.3831529915332794,"y":0.34298649430274966,"z":-0.15595096349716187,"w":0.8438016176223755},"size":1.7660253047943116,"orthographic":false}