{"cameraMode":{"drawMode":0,"name":"Shaded","section":"Shading Mode"},"sceneLighting":true,"audioPlay":false,"sceneViewState":{"showFog":true,"showMaterialUpdate":false,"showSkybox":true,"showFlares":true,"showImageEffects":true,"showParticleSystems":true},"in2DMode":false,"pivot":{"x":3.8362953662872316,"y":3.1688945293426515,"z":-11.344932556152344},"rotation":{"x":-0.2735336422920227,"y":-0.2744443416595459,"z":0.08172784000635147,"w":-0.9182866215705872},"size":9.037403106689454,"orthographic":false}