{"cameraMode":{"drawMode":0,"name":"Shaded","section":"Shading Mode"},"sceneLighting":true,"audioPlay":false,"sceneViewState":{"showFog":true,"showMaterialUpdate":false,"showSkybox":true,"showFlares":true,"showImageEffects":true,"showParticleSystems":true},"in2DMode":false,"pivot":{"x":9.707417488098145,"y":1.0380430221557618,"z":0.4243946075439453},"rotation":{"x":-0.20149555802345277,"y":0.10174787044525147,"z":-0.021067216992378236,"w":-0.9739966988563538},"size":13.460041999816895,"orthographic":false}