{"cameraMode":{"drawMode":0,"name":"Shaded","section":"Shading Mode"},"sceneLighting":true,"audioPlay":false,"sceneViewState":{"showFog":true,"showMaterialUpdate":false,"showSkybox":true,"showFlares":true,"showImageEffects":true,"showParticleSystems":true},"in2DMode":false,"pivot":{"x":9.378097534179688,"y":2.278697967529297,"z":-0.6079025268554688},"rotation":{"x":-0.2099023312330246,"y":-0.47462478280067446,"z":0.11764547973871231,"w":-0.8467001914978027},"size":30.640169143676759,"orthographic":false}