{"cameraMode":{"drawMode":0,"name":"Shaded","section":"Shading Mode"},"sceneLighting":true,"audioPlay":false,"sceneViewState":{"showFog":true,"showMaterialUpdate":false,"showSkybox":true,"showFlares":true,"showImageEffects":true,"showParticleSystems":true},"in2DMode":false,"pivot":{"x":-9.753525733947754,"y":-12.786760330200196,"z":11.876073837280274},"rotation":{"x":-0.3592163920402527,"y":0.3283170163631439,"z":-0.13682374358177186,"w":-0.8629559874534607},"size":21.091073989868165,"orthographic":false}