{"cameraMode":{"drawMode":0,"name":"Shaded","section":"Shading Mode"},"sceneLighting":true,"audioPlay":false,"sceneViewState":{"showFog":true,"showMaterialUpdate":false,"showSkybox":true,"showFlares":true,"showImageEffects":true,"showParticleSystems":true},"in2DMode":false,"pivot":{"x":0.12784767150878907,"y":9.061714172363282,"z":-1.4891910552978516},"rotation":{"x":0.4185751676559448,"y":0.12735606729984284,"z":-0.05941353738307953,"w":0.8972455263137817},"size":18.545686721801759,"orthographic":false}