{"cameraMode":{"drawMode":0,"name":"Shaded","section":"Shading Mode"},"sceneLighting":false,"audioPlay":false,"sceneViewState":{"showFog":true,"showMaterialUpdate":false,"showSkybox":false,"showFlares":true,"showImageEffects":true,"showParticleSystems":true},"in2DMode":false,"pivot":{"x":-0.23385953903198243,"y":2.1311254501342775,"z":-0.5028972625732422},"rotation":{"x":-0.3427497148513794,"y":0.536799967288971,"z":-0.25258970260620119,"w":-0.7284049987792969},"size":1.128117561340332,"orthographic":false}