{"cameraMode":{"drawMode":0,"name":"Shaded","section":"Shading Mode"},"sceneLighting":true,"audioPlay":false,"sceneViewState":{"showFog":true,"showMaterialUpdate":false,"showSkybox":true,"showFlares":true,"showImageEffects":true,"showParticleSystems":true},"in2DMode":false,"pivot":{"x":9.688957214355469,"y":2.2794532775878908,"z":-1.1153535842895508},"rotation":{"x":-0.09568274021148682,"y":-0.1834816038608551,"z":0.017929015681147577,"w":-0.9782260060310364},"size":4.693077564239502,"orthographic":false}