{"cameraMode":{"drawMode":0,"name":"Shaded","section":"Shading Mode"},"sceneLighting":true,"audioPlay":false,"sceneViewState":{"showFog":true,"showMaterialUpdate":false,"showSkybox":true,"showFlares":true,"showImageEffects":true,"showParticleSystems":true},"in2DMode":false,"pivot":{"x":-16.70099449157715,"y":-0.7837530970573425,"z":-3.414813280105591},"rotation":{"x":-0.1336921751499176,"y":0.6273486614227295,"z":-0.1104719340801239,"w":-0.7591864466667175},"size":11.615659713745118,"orthographic":false}