{"cameraMode":{"drawMode":0,"name":"Shaded","section":"Shading Mode"},"sceneLighting":true,"audioPlay":false,"sceneViewState":{"showFog":true,"showMaterialUpdate":false,"showSkybox":true,"showFlares":true,"showImageEffects":true,"showParticleSystems":true},"in2DMode":false,"pivot":{"x":-6.00843620300293,"y":2.2719247341156008,"z":-10.495543479919434},"rotation":{"x":0.16066989302635194,"y":0.5656939148902893,"z":-0.11349094659090042,"w":0.8008251190185547},"size":4.065953731536865,"orthographic":false}