{"cameraMode":{"drawMode":0,"name":"Shaded","section":"Shading Mode"},"sceneLighting":false,"audioPlay":false,"sceneViewState":{"showFog":true,"showMaterialUpdate":false,"showSkybox":false,"showFlares":true,"showImageEffects":true,"showParticleSystems":true},"in2DMode":false,"pivot":{"x":-0.031577348709106448,"y":2.1500000953674318,"z":-2.359999895095825},"rotation":{"x":0.19777116179466248,"y":-0.5528603792190552,"z":0.13705496490001679,"w":0.797802746295929},"size":0.8660253882408142,"orthographic":false}