{"cameraMode":{"drawMode":0,"name":"Shaded","section":"Shading Mode"},"sceneLighting":true,"audioPlay":false,"sceneViewState":{"showFog":true,"showMaterialUpdate":false,"showSkybox":true,"showFlares":true,"showImageEffects":true,"showParticleSystems":true},"in2DMode":false,"pivot":{"x":-10.714929580688477,"y":-6.196831703186035,"z":-2.5110585689544679},"rotation":{"x":0.32893481850624087,"y":-0.3679262697696686,"z":0.14101636409759522,"w":0.8582422137260437},"size":16.31755256652832,"orthographic":false}