{"cameraMode":{"drawMode":0,"name":"Shaded","section":"Shading Mode"},"sceneLighting":false,"audioPlay":false,"sceneViewState":{"showFog":true,"showMaterialUpdate":false,"showSkybox":true,"showFlares":true,"showImageEffects":true,"showParticleSystems":true},"in2DMode":false,"pivot":{"x":18.10857391357422,"y":10.491230010986329,"z":-12.118112564086914},"rotation":{"x":0.14140008389949799,"y":0.509049654006958,"z":-0.08426611870527268,"w":0.8451675772666931},"size":3.349489688873291,"orthographic":false}