{"cameraMode":{"drawMode":0,"name":"Shaded","section":"Shading Mode"},"sceneLighting":true,"audioPlay":false,"sceneViewState":{"showFog":true,"showMaterialUpdate":false,"showSkybox":true,"showFlares":true,"showImageEffects":true,"showParticleSystems":true},"in2DMode":false,"pivot":{"x":3.2989063262939455,"y":-1.8791255950927735,"z":2.330655097961426},"rotation":{"x":0.09020689129829407,"y":0.8882289528846741,"z":-0.19797645509243012,"w":0.40465694665908816},"size":10.0,"orthographic":false}